Sec ;SubSec ;Title        
II  ;     1 ;Quivers and path algebras                                     
II  ;     2 ;Admissible ideals and quotients of the path algebra           
II  ;     3 ;The quiver of a finite dimensional algebra                    
III ;     1 ;Representations of bound quivers                              
III ;     2 ;The simple projective and injective modules                   
III ;     3 ;The dimension vector of a module and the Euler characteristic 
IV  ;     1 ;Irreducible morphisms and almost split sequences              
IV  ;     2 ;The Auslander–Reiten translations                             
IV  ;     3 ;The existence of almost split sequences                       
IV  ;     4 ;The Auslander–Reiten quiver of an algebra                     
IV  ;     5 ;The first Brauer–Thrall conjecture                            
IV  ;     6 ;Functorial approach to almost split sequences                 
VI  ;     1 ;Torsion pairs                                                 
VI  ;     2 ;Partial tilting modules and tilting modules                   
VI  ;     3 ;The tilting theorem of Brenner and Butler                     
VI  ;     4 ;Consequences of the tilting theorem                           
VI  ;     5 ;Separating and splitting tilting modules                      
VI  ;     6 ;Torsion pairs induced by tilting modules                    